[
    {
        "date": "Thu Oct 21 2021 00:00:00 GMT+0300 (Москва, стандартное время)",
        "text": "Ура! мы получили наши сертификаты Cambridge. В этом году экзамен сдали 53 учащихся нашей школы. Поздравляем наших умниц и умников!",
        "photos": [
            "https://raw.githubusercontent.com/ketren30/english/main/english/src/images/news/certificates/photo_2022-08-12_12-03-37.jpg",
            "https://raw.githubusercontent.com/ketren30/english/main/english/src/images/news/certificates/photo_2022-08-12_11-47-50.jpg",
            "https://raw.githubusercontent.com/ketren30/english/main/english/src/images/news/certificates/photo_2022-08-12_12-03-51.jpg",
            "https://raw.githubusercontent.com/ketren30/english/main/english/src/images/news/certificates/photo_2022-08-12_12-04-38.jpg",
            "https://raw.githubusercontent.com/ketren30/english/main/english/src/images/news/certificates/photo_2022-08-12_12-04-55.jpg",
            "https://raw.githubusercontent.com/ketren30/english/main/english/src/images/news/certificates/photo_2022-08-12_12-05-53.jpg",
            "https://raw.githubusercontent.com/ketren30/english/main/english/src/images/news/certificates/photo_2022-08-12_12-06-05.jpg",
            "https://raw.githubusercontent.com/ketren30/english/main/english/src/images/news/certificates/photo_2022-08-12_12-06-20.jpg"
        ]
    },
    {
        "date": "Thu Nov 25 2021 00:00:00 GMT+0300 (Москва, стандартное время)",
        "text": "День Благодарения - североамериканский праздник, отмечается во второй понедельник октября в Канаде[1] и в четвёртый четверг ноября в США. С этого дня начинается праздничный сезон, который включает в себя Рождество и продолжается до Нового года. Каждый год за неделю до этого дня в нашей школе проводятся тематичесие уроки с играми. История возникновения этого праздника, предания и легенды, и даже угощения в стиле дня Благодарения - вот атмосфера праздника.",
        "photos": [
            "https://raw.githubusercontent.com/ketren30/english/main/english/src/images/news/thanksGiving/photo_2022-08-12_11-50-23%20(2).jpg",
            "https://raw.githubusercontent.com/ketren30/english/main/english/src/images/news/thanksGiving/photo_2022-08-12_11-50-23.jpg",
            "https://raw.githubusercontent.com/ketren30/english/main/english/src/images/news/thanksGiving/photo_2022-08-12_11-50-24%20(2).jpg",
            "https://raw.githubusercontent.com/ketren30/english/main/english/src/images/news/thanksGiving/photo_2022-08-12_11-50-24%20(3).jpg",
            "https://raw.githubusercontent.com/ketren30/english/main/english/src/images/news/thanksGiving/photo_2022-08-12_11-50-24%20(4).jpg",
            "https://raw.githubusercontent.com/ketren30/english/main/english/src/images/news/thanksGiving/photo_2022-08-12_11-50-24.jpg"
        ]
    },
    {
        "date": "Mon May 30 2022 00:00:00 GMT+0300 (Москва, стандартное время)",
        "text": "В первую неделю летних каникул традиционно провели летний лагерь. Программа летнего лагеря включает в себя изготовление различных поделок, изучение песен на английском языке, чтение и игры на открытом воздухе в традиционные игры англоязычных стран.",
        "photos": [
            "https://raw.githubusercontent.com/ketren30/english/main/english/src/images/news/camp/photo_2022-08-12_11-42-19.jpg",
            "https://raw.githubusercontent.com/ketren30/english/main/english/src/images/news/camp/photo_2022-08-12_11-42-20%20(2).jpg",
            "https://raw.githubusercontent.com/ketren30/english/main/english/src/images/news/camp/photo_2022-08-12_11-42-20.jpg"
        ]
    }
]