[
    {
        "09-00":[
            {
                "teacher": "Лилия Владимировна",
                "level": "Beginners",
                "numberOfStudents": 3,
                "groupID": 1
            },
            {
                "teacher": "Лилия Владимировна",
                "level": "Low-Beginners",
                "numberOfStudents": 4,
                "groupID": 7
            },
            {
                "teacher": "Лилия Владимировна",
                "level": "Beginners",
                "numberOfStudents": 3,
                "groupID": 1
            },
            {
                "teacher": "Лилия Владимировна",
                "level": "Low-Beginners",
                "numberOfStudents": 4,
                "groupID": 7
            },
            {},
            {
                "teacher": "Евгения Александровна",
                "level": "Beginners",
                "nnumberOfStudents": 4,
                "groupID": 4
            }
        ],
        "10-00":[
            {
                "teacher": "Лилия Владимировна",
                "level": "Low-Beginners",
                "numberOfStudents": 4,
                "groupID": 2
            },
            {
                "teacher": "Лилия Владимировна",
                "level": "Elementary",
                "numberOfStudents": 3,
                "groupID": 8
            },
            {
                "teacher": "Лилия Владимировна",
                "level": "Low-Beginners",
                "numberOfStudents": 4,
                "groupID": 2
            },
            {
                "teacher": "Лилия Владимировна",
                "level": "Elementary",
                "numberOfStudents": 3,
                "groupID": 8
            },
            {},
            {
                "teacher": "Евгения Александровна",
                "level": "Low-Beginners",
                "numberOfStudents": 2,
                "groupID": 5
            }
        ],
        "11-00":[
            {
                "teacher": "Лилия Владимировна",
                "level": "Intermediate",
                "numberOfStudents": 5,
                "groupID": 3
            },
            {
                "teacher": "Лилия Владимировна",
                "level": "Low-Elementary",
                "numberOfStudents": 4,
                "groupID": 9
            },
            {
                "teacher": "Лилия Владимировна",
                "level": "Intermediate",
                "numberOfStudents": 5,
                "groupID": 3
            },
            {
                "teacher": "Лилия Владимировна",
                "level": "Low-Elementary",
                "numberOfStudents": 4,
                "groupID": 9
            },
            {},
            {
                "teacher": "Евгения Александровна",
                "level": "Low-low-Beginners",
                "numberOfStudents": 3,
                "groupID": 6
            }
        ],
        "12-00":[
            {},
            {},
            {},
            {},
            {},
            {
                "teacher": "Евгения Александровна",
                "level": "Elementary",
                "numberOfStudents": 1,
                "groupID": 7
            }
        ],
        "13-00":[
            {},
            {},
            {},
            {},
            {
                "teacher": "Евгения Александровна",
                "level": "Beginners",
                "numberOfStudents": 1,
                "groupID": 3
            },
            {}
        ],
        "14-00":[
            {},
            {},
            {
                "teacher": "Лилия Владимировна",
                "level": "Intermediate",
                "numberOfStudents": 5,
                "groupID": 13
            },
            {},
            {
                "teacher": "Алексей Константинович",
                "level": "4-5 years",
                "numberOfStudents": 4,
                "groupID": 4
            },
            {
                "teacher": "Евгения Александровна",
                "level": "Low-low-Beginners",
                "numberOfStudents": 3,
                "groupID": 8
            }
        ],
        "15-00":[
            {
                "teacher": "Лилия Владимировна",
                "level": "Pre-Intermediate",
                "numberOfStudents": 4,
                "groupID": 4
            },
            {
                "teacher": "Лилия Владимировна",
                "level": "Elementary",
                "numberOfStudents": 5,
                "groupID": 10
            },
            {
                "teacher": "Лилия Владимировна",
                "level": "Pre-Intermediate",
                "numberOfStudents": 4,
                "groupID": 4
            },
            {
                "teacher": "Лилия Владимировна",
                "level": "Elementary",
                "numberOfStudents": 5,
                "groupID": 10
            },
            {
                "teacher": "Лилия Владимировна",
                "level": "Elementary",
                "numberOfStudents": 5,
                "groupID": 13
            },
            {
                "teacher": "Евгения Александровна",
                "level": "Beginners",
                "numberOfStudents": 1,
                "groupID": 9
            }
        ],
        "16-00":[
            {
                "teacher": "Лилия Владимировна",
                "level": "Beginners",
                "numberOfStudents": 5,
                "groupID": 5
            },
            {
                "teacher": "Лилия Владимировна",
                "level": "Pre-Intermediate",
                "numberOfStudents": 3,
                "groupID": 11
            },
            {
                "teacher": "Лилия Владимировна",
                "level": "Beginners",
                "numberOfStudents": 5,
                "groupID": 5
            },
            {
                "teacher": "Лилия Владимировна",
                "level": "Pre-Intermediate",
                "numberOfStudents": 3,
                "groupID": 11
            },
            {
                "teacher": "Алексей Константинович",
                "level": "5-6 years",
                "numberOfStudents": 3,
                "groupID": 1
            },
            {
                "teacher": "Евгения Александровна",
                "level": "6-7 years",
                "numberOfStudents": 3,
                "groupID": 10
            }
        ],
        "17-00":[
            {
                "teacher": "Лилия Владимировна",
                "level": "Low-Beginners",
                "numberOfStudents": 4,
                "groupID": 6
            },
            {
                "teacher": "Лилия Владимировна",
                "level": "Pre-Intermediate",
                "numberOfStudents": 6,
                "groupID": 12
            },
            {
                "teacher": "Лилия Владимировна",
                "level": "Low-Beginners",
                "numberOfStudents": 4,
                "groupID": 6
            },
            {
                "teacher": "Лилия Владимировна",
                "level": "Pre-Intermediate",
                "numberOfStudents": 6,
                "groupID": 12
            },
            {
                "teacher": "Алексей Константинович",
                "level": "7 years",
                "numberOfStudents": 5,
                "groupID": 2
            },
            {}
        ],
        "18-00":[
            {},
            {
                "teacher": "Евгения Александровна",
                "level": "7 years",
                "numberOfStudents": 2,
                "groupID": 3
            },
            {
                "teacher": "Евгения Александровна",
                "level": "Beginners",
                "numberOfStudents": 1,
                "groupID": 4
            },
            {},
            {
                "teacher": "Алексей Константинович",
                "level": "1st form",
                "numberOfStudents": 3,
                "groupID": 3
            },
            {}
        ]
    },
    {
        "09-00":[
            {},
            {
                "teacher": "Анжелика Аркадьевна",
                "level": "Low-Beginners",
                "numberOfStudents": 4,
                "groupID": 1
            },
            {
                "teacher": "Анжелика Аркадьевна",
                "level": "Beginners",
                "numberOfStudents": 3,
                "groupID": 9
            },
            {
                "teacher": "Анжелика Аркадьевна",
                "level": "Low-Beginners",
                "numberOfStudents": 4,
                "groupID": 1
            },
            {
                "teacher": "Анжелика Аркадьевна",
                "level": "Beginners",
                "numberOfStudents": 3,
                "groupID": 9
            },
            {}
        ],
        "10-00":[
            {},
            {
                "teacher": "Анжелика Аркадьевна",
                "level": "Low-Beginners",
                "numberOfStudents": 4,
                "groupID": 2
            },
            {
                "teacher": "Анжелика Аркадьевна",
                "level": "Beginners",
                "numberOfStudents": 3,
                "groupID": 10
            },
            {
                "teacher": "Анжелика Аркадьевна",
                "level": "Low-Beginners",
                "numberOfStudents": 4,
                "groupID": 2
            },
            {
                "teacher": "Анжелика Аркадьевна",
                "level": "Beginners",
                "numberOfStudents": 3,
                "groupID": 10
            },
            {}
        ],
        "11-00":[
            {},
            {
                "teacher": "Анжелика Аркадьевна",
                "level": "Low-Beginners",
                "numberOfStudents": 4,
                "groupID": 3
            },
            {
                "teacher": "Анжелика Аркадьевна",
                "level": "Beginners",
                "numberOfStudents": 3,
                "groupID": 11
            },
            {
                "teacher": "Анжелика Аркадьевна",
                "level": "Low-Beginners",
                "numberOfStudents": 4,
                "groupID": 3
            },
            {
                "teacher": "Анжелика Аркадьевна",
                "level": "Beginners",
                "numberOfStudents": 3,
                "groupID": 11
            },
            {}
        ],
        "12-00":[
            {},
            {},
            {},
            {},
            {},
            {}
        ],
        "13-00":[
            {},
            {
                "teacher": "Анжелика Аркадьевна",
                "level": "Low-Beginners",
                "numberOfStudents": 4,
                "groupID": 3
            },
            {
                "teacher": "Анжелика Аркадьевна",
                "level": "Beginners",
                "numberOfStudents": 3,
                "groupID": 12
            },
            {
                "teacher": "Анжелика Аркадьевна",
                "level": "Low-Beginners",
                "numberOfStudents": 4,
                "groupID": 3
            },
            {
                "teacher": "Анжелика Аркадьевна",
                "level": "Beginners",
                "numberOfStudents": 3,
                "groupID": 12
            },
            {}
        ],
        "14-00":[
            {
                "teacher": "Алексей Константинович",
                "level": "1st form",
                "numberOfStudents": 3,
                "groupID": 4
            },
            {
                "teacher": "Анжелика Аркадьевна",
                "level": "Beginners",
                "numberOfStudents": 3,
                "groupID": 4
            },
            {
                "teacher": "Анжелика Аркадьевна",
                "level": "Beginners",
                "numberOfStudents": 3,
                "groupID": 13
            },
            {
                "teacher": "Анжелика Аркадьевна",
                "level": "Beginners",
                "numberOfStudents": 3,
                "groupID": 4
            },
            {
                "teacher": "Анжелика Аркадьевна",
                "level": "Beginners",
                "numberOfStudents": 3,
                "groupID": 13
            },
            {}
        ],
        "15-00":[
            {},
            {
                "teacher": "Анжелика Аркадьевна",
                "level": "Beginners",
                "numberOfStudents": 3,
                "groupID": 5
            },
            {
                "teacher": "Анжелика Аркадьевна",
                "level": "Beginners",
                "numberOfStudents": 3,
                "groupID": 14
            },
            {
                "teacher": "Анжелика Аркадьевна",
                "level": "Beginners",
                "numberOfStudents": 3,
                "groupID": 5
            },
            {
                "teacher": "Анжелика Аркадьевна",
                "level": "Beginners",
                "numberOfStudents": 3,
                "groupID": 14
            },
            {}
        ],
        "16-00":[
            {
                "teacher": "Алексей Константинович",
                "level": "1st form",
                "numberOfStudents": 3,
                "groupID": 1
            },
            {
                "teacher": "Алексей Константинович",
                "level": "1st form",
                "numberOfStudents": 3,
                "groupID": 5
            },
            {
                "teacher": "Анжелика Аркадьевна",
                "level": "Beginners",
                "numberOfStudents": 3,
                "groupID": 15
            },
            {
                "teacher": "Алексей Константинович",
                "level": "1st form",
                "numberOfStudents": 3,
                "groupID": 5
            },
            {
                "teacher": "Анжелика Аркадьевна",
                "level": "Beginners",
                "numberOfStudents": 3,
                "groupID": 15
            },
            {}
        ],
        "17-00":[
            {
                "teacher": "Алексей Константинович",
                "level": "1st form",
                "numberOfStudents": 3,
                "groupID": 2
            },
            {
                "teacher": "Алексей Константинович",
                "level": "1st form",
                "numberOfStudents": 3,
                "groupID": 6
            },
            {
                "teacher": "Анжелика Аркадьевна",
                "level": "Beginners",
                "numberOfStudents": 3,
                "groupID": 16
            },
            {
                "teacher": "Алексей Константинович",
                "level": "1st form",
                "numberOfStudents": 3,
                "groupID": 6
            },
            {
                "teacher": "Анжелика Аркадьевна",
                "level": "Beginners",
                "numberOfStudents": 3,
                "groupID": 16
            },
            {}
        ],
        "18-00":[
            {
                "teacher": "Алексей Константинович",
                "level": "1st form",
                "numberOfStudents": 3,
                "groupID": 3
            },
            {
                "teacher": "Алексей Константинович",
                "level": "1st form",
                "numberOfStudents": 3,
                "groupID": 7
            },
            {},
            {
                "teacher": "Алексей Константинович",
                "level": "1st form",
                "numberOfStudents": 3,
                "groupID": 7
            },
            {},
            {}
        ]
    },
    {
        "09-00":[
            {},
            {},
            {},
            {},
            {},
            {}
        ],
        "10-00":[
            {},
            {},
            {},
            {},
            {},
            {}
        ],
        "11-00":[
            {},
            {},
            {},
            {},
            {},
            {}
        ],
        "12-00":[
            {},
            {},
            {},
            {},
            {},
            {}
        ],
        "13-00":[
            {},
            {},
            {},
            {},
            {},
            {}
        ],
        "14-00":[
            {},
            {},
            {},
            {},
            {},
            {}
        ],
        "15-00":[
            {},
            {
                "teacher": "Евгения Александровна",
                "level": "Beginners",
                "numberOfStudents": 3,
                "groupID": 1
            },
            {},
            {
                "teacher": "Евгения Александровна",
                "level": "Beginners",
                "numberOfStudents": 3,
                "groupID": 1
            },
            {},
            {}
        ],
        "16-00":[
            {},
            {
                "teacher": "Анжелика Аркадьевна",
                "level": "Beginners",
                "numberOfStudents": 3,
                "groupID": 6
            },
            {},
            {
                "teacher": "Анжелика Аркадьевна",
                "level": "Beginners",
                "numberOfStudents": 3,
                "groupID": 6
            },
            {},
            {}
        ],
        "17-00":[
            {},
            {
                "teacher": "Анжелика Аркадьевна",
                "level": "Beginners",
                "numberOfStudents": 3,
                "groupID": 7
            },
            {
                "teacher": "Евгения Александровна",
                "level": "1st form",
                "numberOfStudents": 3,
                "groupID": 2
            },
            {
                "teacher": "Анжелика Аркадьевна",
                "level": "Beginners",
                "numberOfStudents": 3,
                "groupID": 7
            },
            {},
            {}
        ],
        "18-00":[
            {},
            {},
            {},
            {
                "teacher": "Евгения Александровна",
                "level": "1st form",
                "numberOfStudents": 3,
                "groupID": 2
            },
            {},
            {}
        ]
    }
]